ID;dataset;architecture;seed
0;MNIST;Flatten-Linear(784,16)-Sigmoid-Linear(16,16)-Sigmoid-Linear(16,10)-LogSoftmax(1);790283118
1;MNIST;Flatten-Linear(784,16)-Sigmoid-Linear(16,16)-Sigmoid-Linear(16,10)-LogSoftmax(1);600984959
2;MNIST;Flatten-Linear(784,16)-Sigmoid-Linear(16,16)-Sigmoid-Linear(16,10)-LogSoftmax(1);880665794
3;MNIST;Flatten-Linear(784,16)-Sigmoid-Linear(16,16)-Sigmoid-Linear(16,10)-LogSoftmax(1);36686381
4;MNIST;Flatten-Linear(784,16)-Sigmoid-Linear(16,16)-Sigmoid-Linear(16,10)-LogSoftmax(1);869863829
5;MNIST;Flatten-Linear(784,16)-Sigmoid-Linear(16,16)-Sigmoid-Linear(16,10)-LogSoftmax(1);773652426
6;MNIST;Flatten-Linear(784,16)-Sigmoid-Linear(16,16)-Sigmoid-Linear(16,10)-LogSoftmax(1);769733396
7;MNIST;Flatten-Linear(784,16)-Sigmoid-Linear(16,16)-Sigmoid-Linear(16,10)-LogSoftmax(1);684065927
8;MNIST;Flatten-Linear(784,16)-Sigmoid-Linear(16,16)-Sigmoid-Linear(16,10)-LogSoftmax(1);825057925
9;MNIST;Flatten-Linear(784,16)-Sigmoid-Linear(16,16)-Sigmoid-Linear(16,10)-LogSoftmax(1);400897614
10;MNIST;Flatten-Linear(784,16)-Sigmoid-Linear(16,16)-Sigmoid-Linear(16,10)-LogSoftmax(1);493280011
11;MNIST;Flatten-Linear(784,16)-Sigmoid-Linear(16,16)-Sigmoid-Linear(16,10)-LogSoftmax(1);58560565
12;MNIST;Flatten-Linear(784,16)-Sigmoid-Linear(16,16)-Sigmoid-Linear(16,10)-LogSoftmax(1);997460616
13;MNIST;Flatten-Linear(784,16)-Sigmoid-Linear(16,16)-Sigmoid-Linear(16,10)-LogSoftmax(1);658214425
14;MNIST;Flatten-Linear(784,16)-Sigmoid-Linear(16,16)-Sigmoid-Linear(16,10)-LogSoftmax(1);139665789
15;MNIST;Flatten-Linear(784,16)-Sigmoid-Linear(16,16)-Sigmoid-Linear(16,10)-LogSoftmax(1);128611529
16;MNIST;Flatten-Linear(784,16)-Sigmoid-Linear(16,16)-Sigmoid-Linear(16,10)-LogSoftmax(1);948145792
17;MNIST;Flatten-Linear(784,16)-Sigmoid-Linear(16,16)-Sigmoid-Linear(16,10)-LogSoftmax(1);43514665
18;MNIST;Flatten-Linear(784,16)-Sigmoid-Linear(16,16)-Sigmoid-Linear(16,10)-LogSoftmax(1);450105660
19;MNIST;Flatten-Linear(784,16)-Sigmoid-Linear(16,16)-Sigmoid-Linear(16,10)-LogSoftmax(1);625597733
20;MNIST;Flatten-Linear(784,16)-Sigmoid-Linear(16,16)-Sigmoid-Linear(16,10)-LogSoftmax(1);483847251
21;MNIST;Flatten-Linear(784,16)-Sigmoid-Linear(16,16)-Sigmoid-Linear(16,10)-LogSoftmax(1);185871259
22;MNIST;Flatten-Linear(784,16)-Sigmoid-Linear(16,16)-Sigmoid-Linear(16,10)-LogSoftmax(1);246674446
23;MNIST;Flatten-Linear(784,16)-Sigmoid-Linear(16,16)-Sigmoid-Linear(16,10)-LogSoftmax(1);228791258
24;MNIST;Flatten-Linear(784,16)-Sigmoid-Linear(16,16)-Sigmoid-Linear(16,10)-LogSoftmax(1);94192574
25;MNIST;Flatten-Linear(784,16)-Sigmoid-Linear(16,16)-Sigmoid-Linear(16,10)-LogSoftmax(1);392753888
26;MNIST;Flatten-Linear(784,16)-Sigmoid-Linear(16,16)-Sigmoid-Linear(16,10)-LogSoftmax(1);585785321
27;MNIST;Flatten-Linear(784,16)-Sigmoid-Linear(16,16)-Sigmoid-Linear(16,10)-LogSoftmax(1);910845204
28;MNIST;Flatten-Linear(784,16)-Sigmoid-Linear(16,16)-Sigmoid-Linear(16,10)-LogSoftmax(1);874003896
29;MNIST;Flatten-Linear(784,16)-Sigmoid-Linear(16,16)-Sigmoid-Linear(16,10)-LogSoftmax(1);652159358
30;MNIST;Flatten-Linear(784,16)-Sigmoid-Linear(16,16)-Sigmoid-Linear(16,10)-LogSoftmax(1);737313245
31;MNIST;Flatten-Linear(784,16)-Sigmoid-Linear(16,16)-Sigmoid-Linear(16,10)-LogSoftmax(1);836659660
32;MNIST;Flatten-Linear(784,16)-Sigmoid-Linear(16,16)-Sigmoid-Linear(16,10)-LogSoftmax(1);832500222
33;MNIST;Flatten-Linear(784,16)-Sigmoid-Linear(16,16)-Sigmoid-Linear(16,10)-LogSoftmax(1);837524123
34;MNIST;Flatten-Linear(784,16)-Sigmoid-Linear(16,16)-Sigmoid-Linear(16,10)-LogSoftmax(1);702126849
35;MNIST;Flatten-Linear(784,16)-Sigmoid-Linear(16,16)-Sigmoid-Linear(16,10)-LogSoftmax(1);138518203
36;MNIST;Flatten-Linear(784,16)-Sigmoid-Linear(16,16)-Sigmoid-Linear(16,10)-LogSoftmax(1);27314884
37;MNIST;Flatten-Linear(784,16)-Sigmoid-Linear(16,16)-Sigmoid-Linear(16,10)-LogSoftmax(1);492511750
38;MNIST;Flatten-Linear(784,16)-Sigmoid-Linear(16,16)-Sigmoid-Linear(16,10)-LogSoftmax(1);306323598
39;MNIST;Flatten-Linear(784,16)-Sigmoid-Linear(16,16)-Sigmoid-Linear(16,10)-LogSoftmax(1);304960628
40;MNIST;Flatten-Linear(784,16)-Sigmoid-Linear(16,16)-Sigmoid-Linear(16,10)-LogSoftmax(1);295419467
41;MNIST;Flatten-Linear(784,16)-Sigmoid-Linear(16,16)-Sigmoid-Linear(16,10)-LogSoftmax(1);485049497
42;MNIST;Flatten-Linear(784,16)-Sigmoid-Linear(16,16)-Sigmoid-Linear(16,10)-LogSoftmax(1);152581202
43;MNIST;Flatten-Linear(784,16)-Sigmoid-Linear(16,16)-Sigmoid-Linear(16,10)-LogSoftmax(1);267120130
44;MNIST;Flatten-Linear(784,16)-Sigmoid-Linear(16,16)-Sigmoid-Linear(16,10)-LogSoftmax(1);684800058
45;MNIST;Flatten-Linear(784,16)-Sigmoid-Linear(16,16)-Sigmoid-Linear(16,10)-LogSoftmax(1);920499534
46;MNIST;Flatten-Linear(784,16)-Sigmoid-Linear(16,16)-Sigmoid-Linear(16,10)-LogSoftmax(1);191011437
47;MNIST;Flatten-Linear(784,16)-Sigmoid-Linear(16,16)-Sigmoid-Linear(16,10)-LogSoftmax(1);114306679
48;MNIST;Flatten-Linear(784,16)-Sigmoid-Linear(16,16)-Sigmoid-Linear(16,10)-LogSoftmax(1);322168682
49;MNIST;Flatten-Linear(784,16)-Sigmoid-Linear(16,16)-Sigmoid-Linear(16,10)-LogSoftmax(1);85197090
50;MNIST;Flatten-Linear(784,16)-Sigmoid-Linear(16,16)-Sigmoid-Linear(16,10)-LogSoftmax(1);694363206
51;MNIST;Flatten-Linear(784,16)-Sigmoid-Linear(16,16)-Sigmoid-Linear(16,10)-LogSoftmax(1);280861838
52;MNIST;Flatten-Linear(784,16)-Sigmoid-Linear(16,16)-Sigmoid-Linear(16,10)-LogSoftmax(1);412483556
53;MNIST;Flatten-Linear(784,16)-Sigmoid-Linear(16,16)-Sigmoid-Linear(16,10)-LogSoftmax(1);758610160
54;MNIST;Flatten-Linear(784,16)-Sigmoid-Linear(16,16)-Sigmoid-Linear(16,10)-LogSoftmax(1);564883708
55;MNIST;Flatten-Linear(784,16)-Sigmoid-Linear(16,16)-Sigmoid-Linear(16,10)-LogSoftmax(1);134583239
56;MNIST;Flatten-Linear(784,16)-Sigmoid-Linear(16,16)-Sigmoid-Linear(16,10)-LogSoftmax(1);268500986
57;MNIST;Flatten-Linear(784,16)-Sigmoid-Linear(16,16)-Sigmoid-Linear(16,10)-LogSoftmax(1);49895890
58;MNIST;Flatten-Linear(784,16)-Sigmoid-Linear(16,16)-Sigmoid-Linear(16,10)-LogSoftmax(1);534793682
59;MNIST;Flatten-Linear(784,16)-Sigmoid-Linear(16,16)-Sigmoid-Linear(16,10)-LogSoftmax(1);807339335
60;MNIST;Flatten-Linear(784,16)-Sigmoid-Linear(16,16)-Sigmoid-Linear(16,10)-LogSoftmax(1);357938588
61;MNIST;Flatten-Linear(784,16)-Sigmoid-Linear(16,16)-Sigmoid-Linear(16,10)-LogSoftmax(1);978988301
62;MNIST;Flatten-Linear(784,16)-Sigmoid-Linear(16,16)-Sigmoid-Linear(16,10)-LogSoftmax(1);244695222
63;MNIST;Flatten-Linear(784,16)-Sigmoid-Linear(16,16)-Sigmoid-Linear(16,10)-LogSoftmax(1);723745050
64;MNIST;Flatten-Linear(784,16)-Sigmoid-Linear(16,16)-Sigmoid-Linear(16,10)-LogSoftmax(1);401660921
65;MNIST;Flatten-Linear(784,16)-Sigmoid-Linear(16,16)-Sigmoid-Linear(16,10)-LogSoftmax(1);193691143
66;MNIST;Flatten-Linear(784,16)-Sigmoid-Linear(16,16)-Sigmoid-Linear(16,10)-LogSoftmax(1);817808161
67;MNIST;Flatten-Linear(784,16)-Sigmoid-Linear(16,16)-Sigmoid-Linear(16,10)-LogSoftmax(1);420726681
68;MNIST;Flatten-Linear(784,16)-Sigmoid-Linear(16,16)-Sigmoid-Linear(16,10)-LogSoftmax(1);818325297
69;MNIST;Flatten-Linear(784,16)-Sigmoid-Linear(16,16)-Sigmoid-Linear(16,10)-LogSoftmax(1);762846618
70;MNIST;Flatten-Linear(784,16)-Sigmoid-Linear(16,16)-Sigmoid-Linear(16,10)-LogSoftmax(1);247819560
71;MNIST;Flatten-Linear(784,16)-Sigmoid-Linear(16,16)-Sigmoid-Linear(16,10)-LogSoftmax(1);65975392
72;MNIST;Flatten-Linear(784,16)-Sigmoid-Linear(16,16)-Sigmoid-Linear(16,10)-LogSoftmax(1);365323617
73;MNIST;Flatten-Linear(784,16)-Sigmoid-Linear(16,16)-Sigmoid-Linear(16,10)-LogSoftmax(1);220974336
74;MNIST;Flatten-Linear(784,16)-Sigmoid-Linear(16,16)-Sigmoid-Linear(16,10)-LogSoftmax(1);545152297
75;MNIST;Flatten-Linear(784,16)-Sigmoid-Linear(16,16)-Sigmoid-Linear(16,10)-LogSoftmax(1);540515443
76;MNIST;Flatten-Linear(784,16)-Sigmoid-Linear(16,16)-Sigmoid-Linear(16,10)-LogSoftmax(1);182877407
77;MNIST;Flatten-Linear(784,16)-Sigmoid-Linear(16,16)-Sigmoid-Linear(16,10)-LogSoftmax(1);772993267
78;MNIST;Flatten-Linear(784,16)-Sigmoid-Linear(16,16)-Sigmoid-Linear(16,10)-LogSoftmax(1);506541183
79;MNIST;Flatten-Linear(784,16)-Sigmoid-Linear(16,16)-Sigmoid-Linear(16,10)-LogSoftmax(1);846729895
80;MNIST;Flatten-Linear(784,16)-Sigmoid-Linear(16,16)-Sigmoid-Linear(16,10)-LogSoftmax(1);500669472
81;MNIST;Flatten-Linear(784,16)-Sigmoid-Linear(16,16)-Sigmoid-Linear(16,10)-LogSoftmax(1);354316502
82;MNIST;Flatten-Linear(784,16)-Sigmoid-Linear(16,16)-Sigmoid-Linear(16,10)-LogSoftmax(1);522512370
83;MNIST;Flatten-Linear(784,16)-Sigmoid-Linear(16,16)-Sigmoid-Linear(16,10)-LogSoftmax(1);650663702
84;MNIST;Flatten-Linear(784,16)-Sigmoid-Linear(16,16)-Sigmoid-Linear(16,10)-LogSoftmax(1);51975067
85;MNIST;Flatten-Linear(784,16)-Sigmoid-Linear(16,16)-Sigmoid-Linear(16,10)-LogSoftmax(1);614076064
86;MNIST;Flatten-Linear(784,16)-Sigmoid-Linear(16,16)-Sigmoid-Linear(16,10)-LogSoftmax(1);743019217
87;MNIST;Flatten-Linear(784,16)-Sigmoid-Linear(16,16)-Sigmoid-Linear(16,10)-LogSoftmax(1);850850823
88;MNIST;Flatten-Linear(784,16)-Sigmoid-Linear(16,16)-Sigmoid-Linear(16,10)-LogSoftmax(1);538961714
89;MNIST;Flatten-Linear(784,16)-Sigmoid-Linear(16,16)-Sigmoid-Linear(16,10)-LogSoftmax(1);685542560
90;MNIST;Flatten-Linear(784,16)-Sigmoid-Linear(16,16)-Sigmoid-Linear(16,10)-LogSoftmax(1);914126583
91;MNIST;Flatten-Linear(784,16)-Sigmoid-Linear(16,16)-Sigmoid-Linear(16,10)-LogSoftmax(1);359536450
92;MNIST;Flatten-Linear(784,16)-Sigmoid-Linear(16,16)-Sigmoid-Linear(16,10)-LogSoftmax(1);882758375
93;MNIST;Flatten-Linear(784,16)-Sigmoid-Linear(16,16)-Sigmoid-Linear(16,10)-LogSoftmax(1);194860564
94;MNIST;Flatten-Linear(784,16)-Sigmoid-Linear(16,16)-Sigmoid-Linear(16,10)-LogSoftmax(1);653268158
95;MNIST;Flatten-Linear(784,16)-Sigmoid-Linear(16,16)-Sigmoid-Linear(16,10)-LogSoftmax(1);272680258
96;MNIST;Flatten-Linear(784,16)-Sigmoid-Linear(16,16)-Sigmoid-Linear(16,10)-LogSoftmax(1);43573507
97;MNIST;Flatten-Linear(784,16)-Sigmoid-Linear(16,16)-Sigmoid-Linear(16,10)-LogSoftmax(1);767368191
98;MNIST;Flatten-Linear(784,16)-Sigmoid-Linear(16,16)-Sigmoid-Linear(16,10)-LogSoftmax(1);195798585
99;MNIST;Flatten-Linear(784,16)-Sigmoid-Linear(16,16)-Sigmoid-Linear(16,10)-LogSoftmax(1);206649358